format	result_path	bytes	sha256	asset_count	diagnostic_lines
txt	txt/result.md	132743	a979fdc0d003f5492207e8f2f9c614798a56cf8a0d7e9af67f58d71346d932a6	0	0
csv	csv/result.md	59605	8a23b841caf92e0f44f53ce4db2d446dbbb91b7beff522961d13db9effb7df04	0	0
tsv	tsv/result.md	36352	85c035c257dc3060875a95393e70d64fcbe95761c4f3aa5c9796f10757af6e72	0	0
srt	srt/result.md	5298	3fdcbf6b169d8d7fa7f7ccf09724162430502a5b236f96853733bb96cd90c7e9	0	0
vtt	vtt/result.md	5298	9c4c9f9d5c0af5121c8df2d475563659723e34d7d230c30db0cb398b931dcd8a	0	0
json	json/result.md	333765	cf968db5920672d5411ed05899fe3952e72d5159583893ac58c69e2e6a62312e	0	1
jsonl	jsonl/result.md	59605	8a23b841caf92e0f44f53ce4db2d446dbbb91b7beff522961d13db9effb7df04	0	1
ndjson	ndjson/result.md	59605	8a23b841caf92e0f44f53ce4db2d446dbbb91b7beff522961d13db9effb7df04	0	1
yaml	yaml/result.md	17172	cbba0d4fc080b8dc2afcd9e004f2fcff0b0282296078dffdfdf6a2aba42880dc	0	0
toml	toml/result.md	6774	5df9186cb1edc7679b4a9bb8b883df4d1a158ea490d9cc6d92dedebd33b246c2	0	0
xml	xml/result.md	116375	7e08908431a22f8fa8bbbec0f6ea7582f392ee1b0d528ba95d37c16737420867	0	0
html	html/result.md	142070	afa6ad8415958a129adf0af404cc76f75111d3f5997ff7b6c1967bd1880c18f7	0	0
markdown	markdown/result.md	11351	78c55c35703247e2f68aefe215ba6faf5ae156cc55a4b90a642eae4dbe213df6	0	0
ipynb	ipynb/result.md	6439	1346429a6236bd43c2462f03a4cefef9e5b56e682892a197f8207e44d3dffbf0	1	0
eml	eml/result.md	126146	2522da8d17c51ecd6f59a2b03ba12ed22be752f10298a97ef7c7a75c3d70ed8a	0	0
tex	tex/result.md	5324	b99aa738bcbb7100c6736e96d3c257be9ac17d3c031d59bb6c036239346244c0	0	11
rst	rst/result.md	10849	57bc04f8c5e09db93fab435f6b078fae88be61800befec7c4fe41e93fd4418df	0	11
asciidoc	asciidoc/result.md	21556	e3c832a3907a3f4d948efe7bfd4543e169fd6d9d98ce161ee14088d3a9ddd496	0	18
zip	zip/result.md	576237	e7427a1b4ee9aa5734477c17f6de61e9aca9f02f6da98b51f0c1ad77dec10afb	1	0
epub	epub/result.md	155515	04011baf24c2144f8fb53973fbbf2471e65df12d458255c42fad795d447e6e72	1	0
docx	docx/result.md	10523	6a62aa301b3fb0ad1682623609c93f39bddb18c152179436fcdebe26a513c2a8	0	0
xlsx	xlsx/result.md	306847	f676ccae6d1cf087c40a3cfed0b175ac0691f2fbde5ad7100035fcce0574ab7b	4	39
pptx	pptx/result.md	13943	4e9fe33c0b2416fcbe3d2779c28a81289e17f8658a4dbab7033c8fdbcd37c741	22	0
odt	odt/result.md	134760	33d6623b9215af8be038a01c50347dff2471ae8e238e12c2761779f3fd57fab4	0	0
ods	ods/result.md	92041	de88e18bd8dbd4eb8790110e69f9df2227b650e5c3d9fbfc3a52c40ea6d5876d	0	0
odp	odp/result.md	11289	ad910f83e6a5452c6260a2007effd0de0af08e2d3087ba0ad3fee63482de0570	0	0
pdf	pdf/result.md	163506	459b85562621281b5b846d0a299ffba779e7065df7d789ff1994236bda481efb	12	0
